{
  "format": 1,
  "id": "famouspaintings",
  "name": "Famous Real Paintings",
  "description": "Famous real paintings brought to Minecraft",
  "legacyPackId": "076a4b3c9e9950e6100000001728743224850",
  "paintings": [
    {
      "id": "vermeer_pearl_earring",
      "name": "Girl with a Pearl Earring",
      "artist": "Johannes Vermeer",
      "height": 2,
      "width": 2
    },
    {
      "id": "wood_american_gothic",
      "name": "American Gothic",
      "artist": "Grant Wood",
      "height": 3,
      "width": 3
    },
    {
      "id": "davinci_mona_lisa",
      "name": "Mona Lisa",
      "artist": "Leonardo da Vinci",
      "height": 2,
      "width": 1
    },
    {
      "id": "hopper_nighthawks",
      "name": "Nighthawks",
      "artist": "Edward Hopper",
      "height": 2,
      "width": 4
    },
    {
      "id": "seurat_sunday",
      "name": "Sunday on La Grande Jatte",
      "artist": "Georges Seurat",
      "height": 3,
      "width": 4
    },
    {
      "id": "vangogh_starry_night",
      "name": "Starry Night",
      "artist": "Vincent van Gogh",
      "height": 3,
      "width": 4
    },
    {
      "id": "monet_water_lilies",
      "name": "Water Lilies",
      "artist": "Claude Monet",
      "height": 4,
      "width": 4
    },
    {
      "id": "munch_scream",
      "name": "The Scream",
      "artist": "Edvard Munch",
      "height": 3,
      "width": 2
    }
  ]
}