{
  "format": 1,
  "id": "davinci",
  "name": "Da Vinci's Paintings",
  "description": "Split from Famous Real Paintings",
  "target_scale": 1,
  "paintings": [
    {
      "id": "davinci_mona_lisa",
      "name": "Mona Lisa",
      "artist": "Leonardo da Vinci",
      "height": 2,
      "width": 1
    }
  ],
  "migrations": [
    {
      "id": "2024-10-31T23:58:03.790Z",
      "description": "Split from \"Famous Real Paintings\"",
      "pairs": [
        [
          "famouspaintings:davinci_mona_lisa",
          "davinci:davinci_mona_lisa"
        ]
      ]
    }
  ]
}